dataset,poi_join_coverage
Paris_train,0.7207798726984318
Paris_valid,0.7225215084023479
UK_1W,0.7748065926673394
UK_1M,0.7749979824065855
UK_3M,0.7734180712904117
