stage,nh_mean,nh_median,ent_mean,ent_median
S3,0.9709001784542816,1.0,0.16052260315600866,0.13862943611198905
S4,0.97348672249943,1.0,0.15198075066188851,0.13862943611198905
